,xAcc,yAcc,zAcc
0,0.019,-0.4844,0.875
1,0.0173,-0.4861,0.8828
2,0.0259,-0.489,0.8845
3,0.0239,-0.481,0.887
4,0.0283,-0.4783,0.8845
5,0.0237,-0.489,0.885
6,0.0256,-0.4954,0.8884
7,0.0291,-0.4946,0.8838
8,0.0227,-0.4939,0.8848
9,0.0227,-0.4929,0.8862
10,0.0229,-0.4851,0.887
11,0.0239,-0.4827,0.8926
12,0.0183,-0.4829,0.8867
13,0.02,-0.4849,0.8867
14,0.0271,-0.49,0.8821
15,0.0232,-0.4875,0.8831
16,0.0225,-0.4924,0.8901
17,0.0247,-0.4941,0.8875
18,0.0225,-0.49,0.8875
19,0.0251,-0.4797,0.8867
20,0.03,-0.47,0.884
21,0.0334,-0.4751,0.8823
22,0.0347,-0.4734,0.8875
23,0.03,-0.4775,0.8853
24,0.0308,-0.4888,0.8862
25,0.0227,-0.4912,0.8911
26,0.0254,-0.4966,0.8896
27,0.03,-0.4888,0.8938
28,0.0254,-0.4695,0.8896
29,0.0356,-0.4702,0.897
30,0.0293,-0.4861,0.9001
31,0.0403,-0.4688,0.9224
32,0.0095,-0.4487,0.9285
33,0.0344,-0.4939,0.7827
34,0.0132,-0.3997,0.8279
35,0.0034,-0.4072,0.9204
36,0.0491,-0.3101,0.9219
37,0.0466,-0.2825,0.8667
38,-0.0076,-0.167,0.8533
39,-0.0757,-0.1372,1.1399
40,-0.0205,-0.3809,1.0293
41,-0.0327,-0.2244,0.8894
42,-0.0657,0.4524,0.7676
43,-0.0591,0.1438,0.2432
44,-0.0474,-0.1582,1.115
45,-0.0479,-0.1238,1.1724
46,-0.1428,-0.1646,0.8157
47,-0.0881,-0.0339,0.9387
48,-0.0679,0.093,0.9431
49,-0.0852,0.0911,0.8789
50,-0.0566,0.1453,1.0349
51,-0.0811,-0.0725,1.0667
52,-0.0889,-0.217,1.042
53,-0.0657,-0.1245,1.0369
54,-0.0688,0.0161,1.0696
55,-0.075,0.085,1.0815
56,0.0024,0.0479,1.0696
57,-0.0332,-0.042,1.0862
58,-0.1035,-0.104,1.1887
59,-0.0488,-0.0713,1.311
60,0.0049,-0.0403,0.9221
61,-0.0059,0.0984,0.9763
62,-0.0188,0.1687,1.052
63,-0.071,-0.0403,1.197
64,-0.0151,-0.1675,1.1917
65,-0.0208,-0.0298,1.2456
66,-0.0654,0.0337,1.2759
67,-0.0378,0.0654,1.2749
68,-0.0332,0.002,1.2859
69,-0.0581,-0.019,1.3022
70,-0.074,-0.0828,1.2688
71,-0.0483,-0.0527,1.2175
72,-0.0352,0.0127,1.2297
73,-0.0513,0.0667,1.2588
74,-0.0652,0.03,1.2405
75,-0.0718,-0.0288,1.2214
76,-0.0754,-0.0647,1.2251
77,-0.0938,-0.0276,1.1873
78,-0.0874,0.0376,1.2151
79,-0.0991,0.0615,1.2144
80,-0.1021,0.0112,1.1772
81,-0.103,-0.0364,1.1575
82,-0.1189,-0.0444,1.1465
83,-0.1201,-0.011,1.127
84,-0.1091,0.0188,1.1118
85,-0.1191,0.0254,1.0947
86,-0.124,0.0215,1.0735
87,-0.1292,-0.011,1.0613
88,-0.1235,-0.0247,1.0488
89,-0.1165,-0.0117,1.0332
90,-0.1118,0.0234,1.012
91,-0.104,0.0405,0.99
92,-0.0991,0.0208,0.9875
93,-0.0962,0.0029,0.978
94,-0.0803,0.0,0.9587
95,-0.0786,-0.0027,0.9299
96,-0.0681,0.0125,0.9263
97,-0.0691,0.0251,0.8984
98,-0.0684,0.0381,0.8677
99,-0.0569,0.031,0.8943
100,-0.0505,0.0139,0.9019
101,-0.0474,0.0122,0.8972
102,-0.052,0.0222,0.8923
103,-0.0447,0.0227,0.8845
104,-0.0435,0.0251,0.8853
105,-0.0432,0.0295,0.8945
106,-0.0435,0.03,0.8948
107,-0.0447,0.0325,0.9072
108,-0.0503,0.0327,0.9207
109,-0.0464,0.0225,0.9285
110,-0.0544,0.0166,0.9194
111,-0.0637,0.0222,0.9507
112,-0.0679,0.0208,0.9541
113,-0.0671,0.0264,0.97
114,-0.0774,0.0232,0.9883
115,-0.073,0.0225,0.998
116,-0.0759,0.0208,1.0032
117,-0.0813,0.0115,1.0298
118,-0.0701,0.0112,1.0437
119,-0.0654,0.0151,1.0632
120,-0.072,0.0117,1.0869
121,-0.0723,0.0129,1.0928
122,-0.063,0.0115,1.1101
123,-0.0684,0.0125,1.1265
124,-0.0608,0.0183,1.1543
125,-0.0615,0.0188,1.1609
126,-0.0605,0.0073,1.1687
127,-0.052,0.0222,1.2144
128,-0.0667,0.0227,1.2217
129,-0.0637,0.0112,1.2346
130,-0.0566,-0.011,1.189
131,-0.0527,0.0127,1.2385
132,-0.062,0.0259,1.2512
133,-0.0632,0.0112,1.2517
134,-0.064,0.0063,1.2437
135,-0.0569,-0.0039,1.2424
136,-0.0635,0.0037,1.2424
137,-0.0662,0.0042,1.2537
138,-0.062,0.0103,1.2361
139,-0.0637,0.0063,1.2393
140,-0.0688,0.0046,1.2258
141,-0.0603,0.0044,1.2158
142,-0.0632,-0.0017,1.2087
143,-0.0591,0.0056,1.2126
144,-0.0647,0.0127,1.1899
145,-0.0605,-0.0046,1.1877
146,-0.0635,-0.0046,1.1465
147,-0.0676,0.0034,1.1497
148,-0.0618,0.0054,1.1321
149,-0.0625,0.01,1.1238
150,-0.0605,0.0059,1.0933
151,-0.0659,-0.0042,1.0762
152,-0.0645,-0.01,1.0647
153,-0.0684,0.0212,1.1411
154,-0.0698,0.0164,1.0662
155,-0.0618,-0.0073,0.9729
156,-0.0684,-0.0088,0.9924
157,-0.0664,-0.0115,0.9731
158,-0.0649,0.0002,0.9617
159,-0.0625,-0.0078,0.9495
160,-0.0635,-0.0068,0.9312
161,-0.0579,-0.0144,0.9216
162,-0.0684,-0.0105,0.9126
163,-0.0623,-0.0149,0.9014
164,-0.0588,0.0046,0.8962
165,-0.0627,0.0015,0.9146
166,-0.0603,-0.0203,0.9258
167,-0.0557,-0.0276,0.8787
168,-0.0522,-0.0132,0.8743
169,-0.041,-0.0088,0.8892
170,-0.0425,-0.0269,0.8972
171,-0.0452,-0.0295,0.8711
172,-0.041,-0.0259,0.8933
173,-0.0356,-0.0176,0.9106
174,-0.0369,-0.0244,0.9155
175,-0.032,-0.0259,0.9231
176,-0.0288,-0.0186,0.9314
177,-0.0327,-0.0222,0.9414
178,-0.0322,-0.0254,0.9622
179,-0.0281,-0.022,0.9729
180,-0.0266,-0.0237,0.9839
181,-0.0349,-0.0247,1.0073
182,-0.0371,-0.0244,1.0166
183,-0.0366,-0.0259,1.0352
184,-0.0391,-0.0271,1.0515
185,-0.0386,-0.0139,1.0703
186,-0.04,-0.0132,1.0818
187,-0.0369,-0.0168,1.0979
188,-0.0437,-0.0247,1.1218
189,-0.0525,-0.0149,1.1311
190,-0.0522,-0.0139,1.1423
191,-0.0522,-0.0125,1.1587
192,-0.0522,-0.0044,1.1753
193,-0.0579,-0.0032,1.1702
194,-0.0635,-0.0017,1.2039
195,-0.0618,-0.0122,1.2034
196,-0.0703,-0.0115,1.2175
197,-0.0732,-0.0007,1.23
198,-0.0674,-0.0061,1.2253
199,-0.0701,0.0007,1.2292
200,-0.0801,0.0132,1.2427
201,-0.0825,-0.0066,1.2288
202,-0.083,0.001,1.2749
203,-0.0823,0.0054,1.2356
204,-0.0867,0.0161,1.2239
205,-0.0886,-0.0022,1.2236
206,-0.0859,-0.0017,1.2209
207,-0.0867,0.0085,1.2117
208,-0.0933,0.0063,1.2012
209,-0.0925,0.0046,1.1899
210,-0.0908,0.0085,1.1858
211,-0.0908,0.019,1.1624
212,-0.0842,0.0073,1.1467
213,-0.0815,0.0093,1.1355
214,-0.0815,0.0032,1.1228
215,-0.0837,0.0156,1.1125
216,-0.0789,0.0164,1.0876
217,-0.0771,0.0173,1.0752
218,-0.0759,0.021,1.0535
219,-0.0698,0.0188,1.0408
220,-0.0713,0.0142,1.0239
221,-0.0659,0.0112,1.0044
222,-0.0737,0.019,0.9968
223,-0.0688,0.0266,0.9866
224,-0.0635,0.022,0.9636
225,-0.0603,0.0193,0.9546
226,-0.0591,0.0225,0.9451
227,-0.0557,0.0122,0.9351
228,-0.0547,0.019,0.9243
229,-0.051,0.0288,0.9119
230,-0.0474,0.0205,0.9021
231,-0.0588,0.0261,0.9016
232,-0.0471,0.0271,0.927
233,-0.0444,0.0164,0.894
234,-0.0461,0.0193,0.8982
235,-0.0488,0.0208,0.9026
236,-0.0457,0.0232,0.9082
237,-0.041,0.0312,0.9006
238,-0.0439,0.0278,0.9131
239,-0.0498,0.0256,0.9172
240,-0.0471,0.0127,0.928
241,-0.0488,0.019,0.9316
242,-0.0491,0.0288,0.9487
243,-0.0471,0.031,0.967
244,-0.0522,0.0083,0.981
245,-0.0459,0.0264,0.9951
246,-0.0459,0.0312,0.9895
247,-0.0513,0.0208,1.0139
248,-0.051,0.0081,1.0315
249,-0.0549,0.02,1.0542
250,-0.0562,0.0225,1.0681
251,-0.0618,0.0212,1.0791
252,-0.0596,0.0249,1.095
253,-0.0667,0.0303,1.1096
254,-0.0642,0.0259,1.124
255,-0.0674,0.0264,1.1423
256,-0.0649,0.0127,1.1624
257,-0.0708,0.0132,1.1716
258,-0.072,0.021,1.1843
259,-0.0774,0.0176,1.1904
260,-0.0801,0.0242,1.2053
261,-0.0813,0.0247,1.2124
262,-0.0771,0.0112,1.2263
263,-0.0862,0.0056,1.2185
264,-0.0879,0.0159,1.2241
265,-0.0925,0.0164,1.2319
266,-0.0879,0.0242,1.2444
267,-0.0933,0.012,1.2283
268,-0.0996,0.0076,1.2322
269,-0.0962,0.0139,1.2368
270,-0.0952,0.0095,1.2329
271,-0.0952,0.0054,1.2178
272,-0.0969,0.0085,1.2126
273,-0.0977,0.0029,1.1919
274,-0.1006,0.0063,1.1863
275,-0.1033,-0.0051,1.1724
276,-0.0991,-0.0063,1.1658
277,-0.1077,-0.0032,1.1592
278,-0.1064,-0.0059,1.1292
279,-0.0979,-0.0002,1.1155
280,-0.0947,-0.0088,1.0876
281,-0.0991,-0.01,1.0793
282,-0.0938,-0.0232,1.0676
283,-0.082,-0.0176,1.0559
284,-0.0872,-0.0168,1.043
285,-0.0759,-0.0139,1.0127
286,-0.0762,-0.0149,0.9941
287,-0.0688,-0.0142,0.9963
288,-0.0684,-0.0151,0.9897
289,-0.0549,-0.0154,0.9556
290,-0.0586,-0.0222,0.9446
291,-0.0566,-0.0142,0.9321
292,-0.0527,-0.0215,0.939
293,-0.0432,-0.0193,0.9182
294,-0.0349,-0.0137,0.9094
295,-0.0327,-0.0237,0.8987
296,-0.0374,-0.0164,0.9062
297,-0.0315,-0.0151,0.9033
298,-0.0315,-0.022,0.8945
299,-0.0288,-0.0137,0.895
300,-0.0312,-0.0188,0.8933
301,-0.0278,-0.0229,0.8982
302,-0.0349,-0.0208,0.9023
303,-0.0254,-0.0198,0.908
304,-0.0337,-0.02,0.9131
305,-0.031,-0.0208,0.9185
306,-0.0374,-0.0144,0.9268
307,-0.0337,-0.0212,0.9351
308,-0.0364,-0.0193,0.9512
309,-0.0408,-0.0198,0.9617
310,-0.0327,-0.0156,0.9844
311,-0.0403,-0.022,0.9866
312,-0.0469,-0.0088,0.9929
313,-0.052,-0.0059,1.0269
314,-0.0425,-0.0085,1.0415
315,-0.0461,-0.0105,1.0493
316,-0.0469,-0.0144,1.0605
317,-0.052,-0.01,1.0847
318,-0.0488,-0.0071,1.1033
319,-0.0459,-0.0066,1.1108
320,-0.0488,-0.0044,1.1165
321,-0.052,-0.0085,1.1296
322,-0.0457,-0.0078,1.1492
323,-0.0437,-0.0034,1.1655
324,-0.053,0.0005,1.1812
325,-0.0503,0.0051,1.1899
326,-0.0569,-0.0117,1.1963
327,-0.0464,-0.0005,1.2029
328,-0.0537,0.0061,1.217
329,-0.0569,-0.0024,1.2207
330,-0.0574,-0.0024,1.2234
331,-0.0559,0.0012,1.2275
332,-0.0613,-0.001,1.2222
333,-0.0635,0.0037,1.2307
334,-0.0603,0.0017,1.2273
335,-0.0625,0.0012,1.218
336,-0.0708,-0.0002,1.2073
337,-0.071,0.0039,1.2019
338,-0.0732,0.0042,1.1919
339,-0.0728,0.0027,1.1807
340,-0.0718,0.0081,1.1838
341,-0.0781,0.0085,1.1589
342,-0.0703,0.0071,1.136
343,-0.0779,0.0139,1.1431
344,-0.0747,0.0127,1.1355
345,-0.0706,0.0178,1.1155
346,-0.0669,0.0137,1.0862
347,-0.0737,0.0068,1.0762
348,-0.0742,0.0132,1.0728
349,-0.0679,0.0232,1.0564
350,-0.0657,0.0173,1.0374
351,-0.0664,0.0181,1.0251
352,-0.0669,0.0237,1.0073
353,-0.0598,0.0215,0.9937
354,-0.0615,0.021,0.9783
355,-0.0615,0.0225,0.9653
356,-0.0588,0.0239,0.9563
357,-0.0586,0.02,0.9438
358,-0.051,0.0161,0.9363
359,-0.0562,0.0264,0.929
360,-0.0596,0.0332,0.9226
361,-0.0547,0.0247,0.9165
362,-0.05,0.0281,0.9082
363,-0.0503,0.0225,0.8992
364,-0.0562,0.0239,0.9084
365,-0.0461,0.021,0.9026
366,-0.0469,0.0227,0.906
367,-0.0518,0.0315,0.9099
368,-0.0579,0.0339,0.9185
369,-0.0471,0.0315,0.9158
370,-0.042,0.0164,0.9231
371,-0.0476,0.0232,0.9319
372,-0.0515,0.0251,0.9446
373,-0.0457,0.02,0.95
374,-0.0479,0.0259,0.957
375,-0.0469,0.0286,0.978
376,-0.0503,0.0256,0.988
377,-0.0486,0.0215,1.0044
378,-0.0525,0.0149,1.0132
379,-0.0623,0.0161,1.0269
380,-0.0576,0.0264,1.0518
381,-0.0586,0.0291,1.0703
382,-0.0615,0.0273,1.0786
383,-0.0684,0.0193,1.0869
384,-0.0664,0.0208,1.1018
385,-0.0713,0.0234,1.1392
386,-0.0776,0.0168,1.1401
387,-0.0852,0.0149,1.145
388,-0.0906,0.0173,1.1653
389,-0.0891,0.0254,1.1848
390,-0.0891,0.0149,1.2007
391,-0.0935,0.0139,1.1995
392,-0.105,0.0034,1.2031
393,-0.0962,0.0093,1.2129
394,-0.0969,0.0144,1.2278
395,-0.0972,0.0103,1.2227
396,-0.1028,-0.0005,1.2161
397,-0.1028,0.0029,1.2175
398,-0.0945,0.0017,1.23
399,-0.0979,-0.0017,1.2168
400,-0.0957,0.0022,1.2085
401,-0.0918,0.0046,1.2063
402,-0.0959,0.0049,1.197
403,-0.0869,0.0002,1.178
404,-0.0886,-0.0073,1.1724
405,-0.0867,-0.0002,1.1584
406,-0.0796,-0.0085,1.1497
407,-0.0754,-0.0059,1.1157
408,-0.0715,-0.0068,1.1094
409,-0.0769,-0.0051,1.093
410,-0.0659,-0.0054,1.0925
411,-0.0659,-0.0088,1.0535
412,-0.0605,-0.0168,1.0444
413,-0.0608,-0.0083,1.0317
414,-0.0562,-0.0073,1.0208
415,-0.0549,-0.009,0.9961
416,-0.0488,-0.01,0.9822
417,-0.0481,-0.0164,0.9651
418,-0.0391,-0.0164,0.9561
419,-0.0464,-0.0164,0.9492
420,-0.043,-0.0195,0.9294
421,-0.0486,-0.0117,0.9187
422,-0.0408,-0.0161,0.9229
423,-0.0388,-0.0151,0.9058
424,-0.0427,-0.022,0.8984
425,-0.0398,-0.0161,0.9009
426,-0.0308,-0.01,0.8997
427,-0.0337,-0.0122,0.896
428,-0.032,-0.0181,0.8975
429,-0.0293,-0.0117,0.9016
430,-0.0281,-0.0081,0.906
431,-0.0291,-0.0208,0.9126
432,-0.0347,-0.0178,0.9138
433,-0.0325,-0.011,0.9253
434,-0.0305,-0.0098,0.9365
435,-0.0266,-0.0078,0.946
436,-0.0239,-0.0149,0.9563
437,-0.0315,-0.0037,0.9788
438,-0.0232,-0.0142,0.9819
439,-0.0225,-0.0134,0.999
440,-0.0247,-0.0173,1.0117
441,-0.0281,-0.0083,1.021
442,-0.0332,-0.0071,1.0415
443,-0.0249,-0.0098,1.0471
444,-0.0337,-0.0085,1.061
445,-0.0315,-0.0198,1.0759
446,-0.0405,-0.0098,1.1057
447,-0.0317,-0.0061,1.1099
448,-0.0305,-0.0056,1.1277
449,-0.0422,-0.0071,1.1401
450,-0.0391,-0.0061,1.1511
451,-0.0439,-0.0037,1.1621
452,-0.0488,-0.0073,1.1755
453,-0.052,-0.0073,1.1816
454,-0.0544,-0.0095,1.1853
455,-0.0549,-0.0024,1.1848
456,-0.0596,-0.0059,1.2026
457,-0.0579,-0.01,1.2058
458,-0.062,-0.0012,1.2153
459,-0.0664,0.0005,1.2131
460,-0.0693,-0.0054,1.2083
461,-0.0703,0.0024,1.2119
462,-0.0803,0.001,1.2136
463,-0.0791,0.002,1.2063
464,-0.0793,0.0015,1.1946
465,-0.0815,0.0027,1.1995
466,-0.084,0.0037,1.186
467,-0.084,-0.0017,1.1748
468,-0.0913,0.0049,1.1658
469,-0.094,0.0068,1.1526
470,-0.0925,0.0088,1.1479
471,-0.0947,0.0085,1.1384
472,-0.092,0.0066,1.1135
473,-0.0945,0.0105,1.0991
474,-0.1003,0.0066,1.0859
475,-0.0913,0.0137,1.0798
476,-0.0916,0.0156,1.0591
477,-0.0906,0.0166,1.0403
478,-0.0884,0.0073,1.0225
479,-0.083,0.0176,1.0176
480,-0.082,0.0122,1.0049
481,-0.0818,0.0186,0.9817
482,-0.0781,0.0181,0.9717
483,-0.0774,0.0178,0.9629
484,-0.0715,0.0225,0.9575
485,-0.0647,0.02,0.9441
486,-0.0667,0.0164,0.9312
487,-0.0669,0.0227,0.9297
488,-0.0664,0.0278,0.9277
489,-0.061,0.0242,0.9138
490,-0.052,0.0166,0.9119
491,-0.0574,0.02,0.9062
492,-0.0601,0.0276,0.9106
493,-0.0525,0.0205,0.9048
494,-0.0508,0.0208,0.9224
495,-0.0547,0.0181,0.9282
496,-0.0532,0.0198,0.9197
497,-0.0569,0.0278,0.925
498,-0.0576,0.0215,0.9385
499,-0.0613,0.02,0.9529
500,-0.0569,0.0242,0.9536
501,-0.0569,0.0229,0.9585
502,-0.0635,0.0227,0.9688
503,-0.054,0.0276,0.9893
504,-0.0586,0.0244,1.0017
505,-0.0596,0.0237,1.0139
506,-0.0652,0.021,1.0198
507,-0.0645,0.0161,1.0359
508,-0.0659,0.0186,1.0623
509,-0.0662,0.0244,1.0696
510,-0.0686,0.0225,1.0886
511,-0.0752,0.0181,1.0981
512,-0.0664,0.0208,1.1152
513,-0.0698,0.0222,1.1272
514,-0.0698,0.0151,1.1392
515,-0.0732,0.0127,1.1472
516,-0.0791,0.0093,1.1477
517,-0.0784,0.011,1.1677
518,-0.0759,0.0137,1.1711
519,-0.0813,0.0178,1.1895
520,-0.0818,0.0173,1.1912
521,-0.0837,0.0046,1.2095
522,-0.083,0.0093,1.1995
523,-0.0891,0.0015,1.2009
524,-0.0884,0.0103,1.2019
525,-0.0806,0.0125,1.2185
526,-0.0874,0.0076,1.2053
527,-0.0857,0.0103,1.2063
528,-0.0869,0.0071,1.2048
529,-0.0835,0.0098,1.1941
530,-0.0857,0.0056,1.1936
531,-0.0835,0.0022,1.1853
532,-0.0837,0.0054,1.1726
533,-0.0811,0.0044,1.155
534,-0.0781,-0.0027,1.1506
535,-0.0718,-0.0027,1.1504
536,-0.073,-0.0032,1.1211
537,-0.0757,-0.0012,1.1047
538,-0.0728,-0.0061,1.0906
539,-0.0713,-0.001,1.0837
540,-0.0706,-0.0044,1.0669
541,-0.0752,-0.0098,1.0552
542,-0.0662,-0.0105,1.0396
543,-0.0632,-0.0134,1.0198
544,-0.0598,-0.011,0.9915
545,-0.0586,-0.0093,0.9907
546,-0.0562,-0.0088,0.979
547,-0.0544,-0.0132,0.9688
548,-0.0481,-0.0139,0.9607
549,-0.0454,-0.0134,0.9463
550,-0.0464,-0.0137,0.9294
551,-0.0386,-0.0061,0.9326
552,-0.0388,-0.011,0.9248
553,-0.0332,-0.0212,0.9207
554,-0.0291,-0.0134,0.9087
555,-0.0298,-0.0142,0.908
556,-0.0269,-0.0146,0.9067
557,-0.0225,-0.0156,0.9116
558,-0.0215,-0.0181,0.917
559,-0.0234,-0.0098,0.9131
560,-0.019,-0.0186,0.9082
561,-0.0171,-0.0098,0.9172
562,-0.0142,-0.0168,0.9219
563,-0.0193,-0.0181,0.9272
564,-0.0186,-0.0176,0.9351
565,-0.0122,-0.0125,0.9404
566,-0.0178,-0.0178,0.9519
567,-0.0168,-0.0195,0.9597
568,-0.0193,-0.0168,0.9753
569,-0.0203,-0.0122,0.9871
570,-0.0264,-0.0154,0.9934
571,-0.0303,-0.0095,1.0083
572,-0.0364,-0.0142,1.0256
573,-0.0334,-0.012,1.0454
574,-0.0369,-0.0215,1.0513
575,-0.0366,-0.0115,1.0703
576,-0.04,-0.0149,1.0793
577,-0.053,-0.0066,1.0986
578,-0.0522,-0.0134,1.1143
579,-0.05,-0.02,1.1216
580,-0.0618,-0.0085,1.1277
581,-0.0608,-0.0161,1.1431
582,-0.0708,-0.0046,1.156
583,-0.0745,-0.0132,1.1675
584,-0.0776,-0.0144,1.1638
585,-0.0815,-0.0083,1.1907
586,-0.084,0.0012,1.1997
587,-0.0916,-0.0071,1.2026
588,-0.0962,0.0017,1.2
589,-0.0923,-0.0044,1.1985
590,-0.1013,-0.0054,1.2036
591,-0.1033,-0.0085,1.2014
592,-0.1003,-0.0103,1.197
593,-0.1082,-0.0017,1.1907
594,-0.1079,0.0051,1.2
595,-0.1096,0.0034,1.1943
596,-0.1069,0.0034,1.1802
597,-0.1106,-0.0005,1.1733
598,-0.1125,-0.0017,1.1672
599,-0.1086,0.0056,1.1543
600,-0.1055,0.012,1.1426
601,-0.1104,0.0044,1.1292
602,-0.1067,0.0149,1.1157
603,-0.1028,0.0054,1.1033
604,-0.1001,0.0151,1.0959
605,-0.0977,0.0042,1.0684
606,-0.0911,0.0056,1.0625
607,-0.0938,0.0188,1.0479
608,-0.0808,0.0181,1.0308
609,-0.0823,0.0173,1.0149
610,-0.0752,0.0122,1.0007
611,-0.0664,0.0188,0.9934
612,-0.0649,0.0278,0.9819
613,-0.0649,0.0125,0.9692
614,-0.0632,0.0278,0.9626
615,-0.0598,0.0288,0.9436
616,-0.0632,0.0107,0.9426
617,-0.0552,0.0229,0.9395
618,-0.0486,0.0251,0.9375
619,-0.0486,0.0271,0.9243
620,-0.0498,0.0239,0.9233
621,-0.0425,0.0286,0.9211
622,-0.0403,0.0251,0.9133
623,-0.041,0.0261,0.9182
624,-0.0386,0.0256,0.9204
625,-0.0422,0.0288,0.9236
626,-0.0386,0.0234,0.9287
627,-0.0393,0.0288,0.928
628,-0.0457,0.0369,0.9329
629,-0.043,0.03,0.9478
630,-0.0359,0.0298,0.9482
631,-0.0349,0.0247,0.9595
632,-0.041,0.0264,0.9673
633,-0.0303,0.0325,0.9812
634,-0.0339,0.0291,0.9939
635,-0.0369,0.0317,1.0061
636,-0.0364,0.0244,1.021
637,-0.0364,0.0247,1.0283
638,-0.0383,0.0291,1.0378
639,-0.0427,0.0359,1.0569
640,-0.0364,0.0344,1.0735
641,-0.0354,0.0361,1.0825
642,-0.0359,0.0237,1.0801
643,-0.0393,0.0122,1.0823
644,-0.0491,0.0225,1.1001
645,-0.0437,0.033,1.1189
646,-0.0439,0.0293,1.1382
647,-0.0476,0.0269,1.1528
648,-0.051,0.0293,1.1597
649,-0.0569,0.0308,1.165
650,-0.0537,0.019,1.1755
651,-0.0588,0.0266,1.1743
652,-0.0601,0.0193,1.1719
653,-0.0635,0.0176,1.175
654,-0.0645,0.0352,1.1909
655,-0.0693,0.0347,1.1973
656,-0.0667,0.021,1.1858
657,-0.0757,0.02,1.1763
658,-0.0713,0.012,1.1804
659,-0.071,0.0144,1.1865
660,-0.071,0.0168,1.1819
661,-0.0737,0.0122,1.1768
662,-0.0732,0.0093,1.157
663,-0.0713,0.0154,1.1499
664,-0.0754,0.0093,1.1433
665,-0.072,0.0054,1.1436
666,-0.0684,0.0027,1.1064
667,-0.0698,0.0061,1.0967
668,-0.0649,0.0039,1.1042
669,-0.0605,0.0056,1.0776
670,-0.0623,0.0032,1.0515
671,-0.0591,0.002,1.0518
672,-0.0544,0.0002,1.0505
673,-0.0549,-0.0012,1.0386
674,-0.0493,-0.0029,1.0195
675,-0.0491,-0.0007,1.0142
676,-0.0442,-0.002,1.0098
677,-0.0371,-0.0056,0.9912
678,-0.0391,0.0017,0.9851
679,-0.0337,-0.009,0.9639
680,-0.0298,-0.0142,0.9531
681,-0.0229,-0.0078,0.9619
682,-0.0269,-0.0002,0.9495
683,-0.0183,-0.0095,0.9426
684,-0.0146,-0.0059,0.9255
685,-0.0095,-0.0112,0.9285
686,-0.0122,-0.0076,0.928
687,-0.0093,-0.0095,0.9253
688,-0.0103,-0.0129,0.9099
689,-0.0117,-0.0132,0.9121
690,-0.0115,-0.0051,0.9207
691,-0.0027,-0.0071,0.9241
692,0.001,-0.0115,0.9185
693,-0.0103,-0.0132,0.9189
694,-0.0012,-0.0066,0.9458
695,-0.0042,-0.0134,0.95
696,-0.002,-0.011,0.9412
697,-0.0105,-0.0122,0.958
698,-0.0112,-0.0071,0.9707
699,-0.0122,-0.0061,0.9736
700,-0.0122,-0.0076,0.9883
701,-0.019,-0.0022,0.9897
702,-0.0234,-0.0073,1.0134
703,-0.0237,-0.0081,1.021
704,-0.0195,-0.001,1.04
705,-0.0303,0.0005,1.0376
706,-0.03,0.001,1.0503
707,-0.0347,0.0024,1.0615
708,-0.0295,-0.0042,1.0754
709,-0.0378,-0.0002,1.0959
710,-0.0337,0.0022,1.0994
711,-0.0386,0.0039,1.106
712,-0.0344,0.0059,1.1162
713,-0.0383,-0.0027,1.1194
714,-0.0371,0.0044,1.1433
715,-0.0459,0.0073,1.1472
716,-0.04,0.0105,1.1755
717,-0.0383,-0.0063,1.1536
718,-0.0396,0.0083,1.1594
719,-0.0449,0.0117,1.1636
720,-0.0398,0.0056,1.1677
721,-0.0378,0.0085,1.1719
722,-0.0347,0.011,1.1729
723,-0.0413,0.0032,1.1611
724,-0.0386,0.0017,1.1604
725,-0.0308,0.0171,1.1653
726,-0.0405,0.0134,1.1589
727,-0.0415,0.0154,1.1553
728,-0.0437,0.0105,1.1541
729,-0.0447,0.0093,1.1521
730,-0.0481,0.0144,1.135
731,-0.0493,0.01,1.1279
732,-0.05,0.0178,1.1252
733,-0.0479,0.0193,1.1086
734,-0.0559,0.0112,1.0933
735,-0.0469,0.0132,1.0891
736,-0.0459,0.0178,1.0754
737,-0.0562,0.0266,1.0625
738,-0.0481,0.0244,1.0461
739,-0.0498,0.0251,1.0469
740,-0.0486,0.0173,1.0378
741,-0.0527,0.0198,1.0212
742,-0.0518,0.0171,1.0098
743,-0.0491,0.0229,0.9944
744,-0.0442,0.0283,0.9905
745,-0.0425,0.0298,0.9817
746,-0.0515,0.0266,0.9673
747,-0.0471,0.0242,0.9626
748,-0.0486,0.0208,0.9431
749,-0.0447,0.0205,0.9502
750,-0.0408,0.0354,0.9463
751,-0.043,0.0217,0.9348
752,-0.0425,0.0264,0.9272
753,-0.0354,0.0266,0.9292
754,-0.0354,0.0281,0.936
755,-0.0322,0.0247,0.9336
756,-0.032,0.0203,0.9333
757,-0.0298,0.0266,0.9351
758,-0.033,0.0303,0.9399
759,-0.0254,0.0203,0.9421
760,-0.021,0.0259,0.9441
761,-0.0242,0.0247,0.9475
762,-0.0254,0.0312,0.9607
763,-0.0232,0.0281,0.9658
764,-0.0149,0.0332,0.9758
765,-0.0173,0.0369,0.9832
766,-0.0151,0.0271,0.9956
767,-0.0105,0.0295,1.0007
768,-0.0117,0.0222,1.0156
769,-0.0115,0.0298,1.0208
770,-0.0085,0.0315,1.0312
771,-0.0051,0.0369,1.0396
772,-0.0051,0.0317,1.053
773,-0.0056,0.0332,1.0625
774,-0.0039,0.0273,1.0745
775,-0.0022,0.0366,1.0854
776,-0.0066,0.0283,1.092
777,-0.0142,0.0303,1.0955
778,-0.0112,0.0327,1.115
779,-0.0115,0.0325,1.1174
780,-0.0125,0.0376,1.1279
781,-0.0139,0.0288,1.1279
782,-0.0237,0.0322,1.1338
783,-0.0195,0.0315,1.1421
784,-0.0266,0.0339,1.1431
785,-0.0266,0.0356,1.144
786,-0.0283,0.032,1.1494
787,-0.0308,0.0247,1.1497
788,-0.0332,0.0229,1.1487
789,-0.0291,0.0261,1.147
790,-0.0391,0.0168,1.1489
791,-0.0354,0.0144,1.1484
792,-0.0378,0.0183,1.1421
793,-0.0396,0.0151,1.1387
794,-0.0454,0.0134,1.1331
795,-0.0515,0.0144,1.126
796,-0.0498,0.0146,1.1228
797,-0.0522,0.0117,1.1167
798,-0.052,0.012,1.1042
799,-0.0522,0.0066,1.0957
800,-0.0559,0.0081,1.0852
801,-0.0547,0.0076,1.082
802,-0.0618,0.0056,1.0706
803,-0.0576,0.0039,1.0532
804,-0.0535,0.002,1.0439
805,-0.0574,0.0029,1.0405
806,-0.0608,0.0027,1.0325
807,-0.0596,0.0015,1.0208
808,-0.0569,0.0017,1.0122
809,-0.0532,0.0022,0.999
810,-0.051,-0.0061,0.9919
811,-0.0544,-0.0007,0.9856
812,-0.0537,-0.0095,0.9766
813,-0.0444,-0.0088,0.9688
814,-0.0474,-0.0078,0.9714
815,-0.0447,-0.0093,0.949
816,-0.041,-0.0059,0.9502
817,-0.0369,-0.0081,0.958
818,-0.0344,-0.0117,0.9482
819,-0.0327,-0.0044,0.9534
820,-0.033,-0.0015,0.9512
821,-0.0249,-0.0056,0.9399
822,-0.0244,-0.0056,0.9431
823,-0.0286,-0.0046,0.9404
824,-0.0183,-0.0139,0.9456
825,-0.0132,-0.0029,0.9458
826,-0.0215,-0.0056,0.9543
827,-0.0222,-0.0034,0.9546
828,-0.0198,-0.0071,0.9656
829,-0.0154,-0.0017,0.9712
830,-0.0249,0.002,0.9749
831,-0.0178,-0.0027,0.9824
832,-0.0142,-0.0049,0.9875
833,-0.0217,0.0002,0.9932
834,-0.0166,-0.0105,1.0117
835,-0.019,-0.0049,1.0186
836,-0.0166,-0.0105,1.0151
837,-0.0164,-0.0005,1.0312
838,-0.0212,0.0015,1.0398
839,-0.0288,-0.0007,1.0513
840,-0.0229,-0.0017,1.0522
841,-0.0215,-0.0027,1.0703
842,-0.0181,0.0,1.074
843,-0.0237,-0.0007,1.0845
844,-0.0181,-0.0063,1.0911
845,-0.0186,0.0054,1.1001
846,-0.0168,-0.0073,1.1062
847,-0.0173,0.0046,1.1094
848,-0.0159,0.0063,1.1162
849,-0.009,0.0054,1.1179
850,-0.0125,0.0054,1.1262
851,-0.0173,0.0034,1.1323
852,-0.0195,0.0039,1.1262
853,-0.0156,0.0134,1.1262
854,-0.0254,0.0139,1.123
855,-0.0195,0.0063,1.1355
856,-0.0356,0.0034,1.1304
857,-0.0271,0.0103,1.1274
858,-0.0305,0.011,1.1238
859,-0.0293,0.012,1.1179
860,-0.0322,0.0071,1.1177
861,-0.0393,0.0081,1.1077
862,-0.04,0.0142,1.0986
863,-0.0454,0.0054,1.1045
864,-0.0312,0.0117,1.0938
865,-0.0403,0.0127,1.0874
866,-0.0371,0.0105,1.0796
867,-0.0303,0.012,1.074
868,-0.0364,0.0212,1.0652
869,-0.0337,0.0229,1.053
870,-0.0364,0.0161,1.0435
871,-0.0356,0.019,1.0388
872,-0.0334,0.0181,1.0315
873,-0.0342,0.0188,1.0229
874,-0.0386,0.0232,1.0134
875,-0.0359,0.0168,1.0105
876,-0.0295,0.0227,0.9956
877,-0.0344,0.022,0.9902
878,-0.0383,0.02,0.9878
879,-0.0293,0.0183,0.9797
880,-0.0349,0.0234,0.9739
881,-0.0396,0.0271,0.9658
882,-0.0391,0.0229,0.9666
883,-0.042,0.0208,0.9631
884,-0.043,0.0234,0.9622
885,-0.0447,0.0173,0.9561
886,-0.0469,0.0149,0.9551
887,-0.0449,0.0225,0.9495
888,-0.0457,0.0247,0.9585
889,-0.042,0.0259,0.9573
890,-0.0508,0.0234,0.9551
891,-0.0481,0.0151,0.9626
892,-0.0476,0.0244,0.9619
893,-0.0464,0.019,0.9695
894,-0.0481,0.0176,0.9753
895,-0.0483,0.0164,0.9739
896,-0.05,0.0237,0.9829
897,-0.0449,0.0251,0.9883
898,-0.0498,0.022,0.9956
899,-0.0459,0.0178,1.0024
900,-0.053,0.0151,1.0037
901,-0.0498,0.0168,1.0168
902,-0.0498,0.0144,1.0203
903,-0.0518,0.0154,1.0256
904,-0.0483,0.0176,1.0359
905,-0.0476,0.0212,1.0457
906,-0.0559,0.0171,1.0518
907,-0.0483,0.019,1.054
908,-0.0574,0.0195,1.0698
909,-0.0527,0.0176,1.0706
910,-0.0491,0.0107,1.0764
911,-0.0623,0.0107,1.0823
912,-0.0581,0.0146,1.0869
913,-0.0637,0.0117,1.0947
914,-0.0564,0.0098,1.0986
915,-0.0591,0.0122,1.104
916,-0.0623,0.0122,1.1116
917,-0.0608,0.0078,1.114
918,-0.0579,0.0122,1.1138
919,-0.0601,0.0081,1.115
920,-0.0581,0.0068,1.1243
921,-0.0596,0.001,1.1233
922,-0.0583,0.0083,1.1238
923,-0.0552,0.0061,1.1248
924,-0.0632,0.0093,1.1257
925,-0.0608,0.0049,1.1233
926,-0.0542,0.0059,1.1184
927,-0.0537,0.0081,1.1265
928,-0.0535,0.0083,1.1179
929,-0.0525,0.0076,1.1074
930,-0.0586,-0.0002,1.1077
931,-0.0586,0.0063,1.1021
932,-0.052,0.0076,1.0947
933,-0.0505,0.0032,1.0962
934,-0.0493,0.0022,1.0903
935,-0.0515,-0.0024,1.0798
936,-0.0513,0.0049,1.0764
937,-0.0498,0.0022,1.0701
938,-0.0496,0.0042,1.0596
939,-0.0498,0.0024,1.0439
940,-0.0479,-0.0049,1.0381
941,-0.0459,-0.0039,1.0305
942,-0.0454,-0.0063,1.0298
943,-0.0425,-0.0002,1.0159
944,-0.0376,-0.0007,1.0051
945,-0.0422,-0.0017,0.9973
946,-0.0339,-0.0039,0.9998
947,-0.0391,0.0027,0.9919
948,-0.0334,-0.0063,0.9741
949,-0.0371,-0.0085,0.9722
950,-0.0356,-0.0037,0.9688
951,-0.03,-0.002,0.9692
952,-0.0266,-0.0037,0.9583
953,-0.0334,-0.0051,0.9573
954,-0.0305,-0.0042,0.9563
955,-0.0286,-0.0005,0.9529
956,-0.0266,-0.0005,0.9478
957,-0.0327,-0.0027,0.9426
958,-0.0288,-0.0015,0.9446
959,-0.0303,-0.0029,0.9509
960,-0.0244,-0.0083,0.9534
961,-0.0222,-0.0046,0.9565
962,-0.0288,-0.0073,0.9585
963,-0.0254,-0.0032,0.9666
964,-0.0281,-0.0032,0.9692
965,-0.0291,-0.0061,0.9724
966,-0.03,-0.0005,0.9788
967,-0.0256,0.0002,0.9819
968,-0.0249,-0.0037,1.0039
969,-0.0266,-0.0012,1.0012
970,-0.0305,-0.0056,1.0037
971,-0.0242,-0.0005,1.0181
